<?xml version="1.0" encoding="UTF-8" standalone="no"?>
<raConfiguration version="7">
  <generalSettings>
    <option key="#Board#" value="board.ra6m4cpk"/>
    <option key="CPU" value="RA6M4"/>
    <option key="#TargetName#" value="R7FA6M4AF3CFB"/>
    <option key="#TargetARCHITECTURE#" value="cortex-m33"/>
    <option key="#DeviceCommand#" value="R7FA6M4AF"/>
    <option key="#RTOS#" value="_none"/>
    <option key="#pinconfiguration#" value="R7FA6M4AF3CFB.pincfg"/>
    <option key="#FSPVersion#" value="3.5.0"/>
    <option key="#ConfigurationFragments#" value="Renesas##BSP##Board##ra6m4_cpk##"/>
    <option key="#SELECTED_TOOLCHAIN#" value="com.arm.toolchain"/>
  </generalSettings>
  <raBspConfiguration>
    <config id="config.bsp.ra6m4.R7FA6M4AF3CFB">
      <property id="config.bsp.part_number" value="config.bsp.part_number.value"/>
      <property id="config.bsp.rom_size_bytes" value="config.bsp.rom_size_bytes.value"/>
      <property id="config.bsp.rom_size_bytes_hidden" value="1048576"/>
      <property id="config.bsp.ram_size_bytes" value="config.bsp.ram_size_bytes.value"/>
      <property id="config.bsp.data_flash_size_bytes" value="config.bsp.data_flash_size_bytes.value"/>
      <property id="config.bsp.package_style" value="config.bsp.package_style.value"/>
      <property id="config.bsp.package_pins" value="config.bsp.package_pins.value"/>
    </config>
    <config id="config.bsp.ra6m4">
      <property id="config.bsp.series" value="config.bsp.series.value"/>
    </config>
    <config id="config.bsp.ra6m4.fsp">
      <property id="config.bsp.fsp.tz.exception_response" value="config.bsp.fsp.tz.exception_response.nmi"/>
      <property id="config.bsp.fsp.tz.cmsis.bfhfnmins" value="config.bsp.fsp.tz.cmsis.bfhfnmins.secure"/>
      <property id="config.bsp.fsp.tz.cmsis.sysresetreqs" value="config.bsp.fsp.tz.cmsis.sysresetreqs.secure_only"/>
      <property id="config.bsp.fsp.tz.cmsis.s_priority_boost" value="config.bsp.fsp.tz.cmsis.s_priority_boost.disabled"/>
      <property id="config.bsp.fsp.tz.csar" value="config.bsp.fsp.tz.csar.both"/>
      <property id="config.bsp.fsp.tz.rstsar" value="config.bsp.fsp.tz.rstsar.both"/>
      <property id="config.bsp.fsp.tz.bbfsar" value="config.bsp.fsp.tz.bbfsar.both"/>
      <property id="config.bsp.fsp.tz.sramsar.sramprcr" value="config.bsp.fsp.tz.sramsar.sramprcr.both"/>
      <property id="config.bsp.fsp.tz.sramsar.sramecc" value="config.bsp.fsp.tz.sramsar.sramecc.both"/>
      <property id="config.bsp.fsp.tz.stbramsar" value="config.bsp.fsp.tz.stbramsar.both"/>
      <property id="config.bsp.fsp.tz.bussara" value="config.bsp.fsp.tz.bussara.both"/>
      <property id="config.bsp.fsp.tz.bussarb" value="config.bsp.fsp.tz.bussarb.both"/>
      <property id="config.bsp.fsp.cache_line_size" value="config.bsp.fsp.cache_line_size.32"/>
      <property id="config.bsp.fsp.OFS0.iwdt_start_mode" value="config.bsp.fsp.OFS0.iwdt_start_mode.disabled"/>
      <property id="config.bsp.fsp.OFS0.iwdt_timeout" value="config.bsp.fsp.OFS0.iwdt_timeout.2048"/>
      <property id="config.bsp.fsp.OFS0.iwdt_divisor" value="config.bsp.fsp.OFS0.iwdt_divisor.128"/>
      <property id="config.bsp.fsp.OFS0.iwdt_window_end" value="config.bsp.fsp.OFS0.iwdt_window_end.0"/>
      <property id="config.bsp.fsp.OFS0.iwdt_window_start" value="config.bsp.fsp.OFS0.iwdt_window_start.100"/>
      <property id="config.bsp.fsp.OFS0.iwdt_reset_interrupt" value="config.bsp.fsp.OFS0.iwdt_reset_interrupt.Reset"/>
      <property id="config.bsp.fsp.OFS0.iwdt_stop_control" value="config.bsp.fsp.OFS0.iwdt_stop_control.stops"/>
      <property id="config.bsp.fsp.OFS0.wdt_start_mode" value="config.bsp.fsp.OFS0.wdt_start_mode.register"/>
      <property id="config.bsp.fsp.OFS0.wdt_timeout" value="config.bsp.fsp.OFS0.wdt_timeout.16384"/>
      <property id="config.bsp.fsp.OFS0.wdt_divisor" value="config.bsp.fsp.OFS0.wdt_divisor.128"/>
      <property id="config.bsp.fsp.OFS0.wdt_window_end" value="config.bsp.fsp.OFS0.wdt_window_end.0"/>
      <property id="config.bsp.fsp.OFS0.wdt_window_start" value="config.bsp.fsp.OFS0.wdt_window_start.100"/>
      <property id="config.bsp.fsp.OFS0.wdt_reset_interrupt" value="config.bsp.fsp.OFS0.wdt_reset_interrupt.Reset"/>
      <property id="config.bsp.fsp.OFS0.wdt_stop_control" value="config.bsp.fsp.OFS0.wdt_stop_control.stops"/>
      <property id="config.bsp.fsp.OFS1.voltage_detection0.start" value="config.bsp.fsp.OFS1.voltage_detection0.start.disabled"/>
      <property id="config.bsp.fsp.OFS1.voltage_detection0_level" value="config.bsp.fsp.OFS1.voltage_detection0_level.280"/>
      <property id="config.bsp.fsp.OFS1.hoco_osc" value="config.bsp.fsp.OFS1.hoco_osc.disabled"/>
      <property id="config.bsp.fsp.BPS.BPS0" value=""/>
      <property id="config.bsp.fsp.BPS.BPS1" value=""/>
      <property id="config.bsp.fsp.BPS.BPS2" value=""/>
      <property id="config.bsp.fsp.PBPS.PBPS0" value=""/>
      <property id="config.bsp.fsp.PBPS.PBPS1" value=""/>
      <property id="config.bsp.fsp.PBPS.PBPS2" value=""/>
      <property id="config.bsp.fsp.dual_bank" value="config.bsp.fsp.dual_bank.disabled"/>
      <property id="config.bsp.fsp.hoco_fll" value="config.bsp.fsp.hoco_fll.disabled"/>
      <property id="config.bsp.common.main_osc_wait" value="config.bsp.common.main_osc_wait.wait_8163"/>
      <property id="config.bsp.fsp.mcu.adc.max_freq_hz" value="50000000"/>
      <property id="config.bsp.fsp.mcu.sci_uart.max_baud" value="20000000"/>
      <property id="config.bsp.fsp.mcu.adc.sample_and_hold" value="0"/>
      <property id="config.bsp.fsp.mcu.sci_spi.max_bitrate" value="25000000"/>
      <property id="config.bsp.fsp.mcu.spi.max_bitrate" value="50000000"/>
      <property id="config.bsp.fsp.mcu.iic_master.rate.rate_fastplus" value="1"/>
      <property id="config.bsp.fsp.mcu.sci_uart.cstpen_channels" value="0x03F9"/>
      <property id="config.bsp.fsp.mcu.gpt.pin_count_source_channels" value="0xFFFF"/>
    </config>
    <config id="config.bsp.ra">
      <property id="config.bsp.common.main" value="0x400"/>
      <property id="config.bsp.common.heap" value="0"/>
      <property id="config.bsp.common.vcc" value="3300"/>
      <property id="config.bsp.common.checking" value="config.bsp.common.checking.disabled"/>
      <property id="config.bsp.common.assert" value="config.bsp.common.assert.none"/>
      <property id="config.bsp.common.error_log" value="config.bsp.common.error_log.none"/>
      <property id="config.bsp.common.soft_reset" value="config.bsp.common.soft_reset.disabled"/>
      <property id="config.bsp.common.main_osc_populated" value="config.bsp.common.main_osc_populated.enabled"/>
      <property id="config.bsp.common.pfs_protect" value="config.bsp.common.pfs_protect.enabled"/>
      <property id="config.bsp.common.c_runtime_init" value="config.bsp.common.c_runtime_init.enabled"/>
      <property id="config.bsp.common.early_init" value="config.bsp.common.early_init.disabled"/>
      <property id="config.bsp.common.main_osc_clock_source" value="config.bsp.common.main_osc_clock_source.crystal"/>
      <property id="config.bsp.common.subclock_populated" value="config.bsp.common.subclock_populated.enabled"/>
      <property id="config.bsp.common.subclock_drive" value="config.bsp.common.subclock_drive.standard"/>
      <property id="config.bsp.common.subclock_stabilization_ms" value="1000"/>
    </config>
  </raBspConfiguration>
  <raClockConfiguration>
    <node id="board.clock.xtal.freq" mul="24000000" option="_edit"/>
    <node id="board.clock.hoco.freq" option="board.clock.hoco.freq.20m"/>
    <node id="board.clock.loco.freq" option="board.clock.loco.freq.32768"/>
    <node id="board.clock.moco.freq" option="board.clock.moco.freq.8m"/>
    <node id="board.clock.subclk.freq" option="board.clock.subclk.freq.32768"/>
    <node id="board.clock.pll.source" option="board.clock.pll.source.hoco"/>
    <node id="board.clock.pll.div" option="board.clock.pll.div.2"/>
    <node id="board.clock.pll.mul" option="board.clock.pll.mul.200"/>
    <node id="board.clock.pll.display" option="board.clock.pll.display.value"/>
    <node id="board.clock.pll2.source" option="board.clock.pll2.source.disabled"/>
    <node id="board.clock.pll2.div" option="board.clock.pll2.div.2"/>
    <node id="board.clock.pll2.mul" option="board.clock.pll2.mul.200"/>
    <node id="board.clock.pll2.display" option="board.clock.pll2.display.value"/>
    <node id="board.clock.clock.source" option="board.clock.clock.source.pll"/>
    <node id="board.clock.clkout.source" option="board.clock.clkout.source.disabled"/>
    <node id="board.clock.uclk.source" option="board.clock.uclk.source.disabled"/>
    <node id="board.clock.octaspiclk.source" option="board.clock.octaspiclk.source.disabled"/>
    <node id="board.clock.iclk.div" option="board.clock.iclk.div.1"/>
    <node id="board.clock.pclka.div" option="board.clock.pclka.div.2"/>
    <node id="board.clock.pclkb.div" option="board.clock.pclkb.div.4"/>
    <node id="board.clock.pclkc.div" option="board.clock.pclkc.div.4"/>
    <node id="board.clock.pclkd.div" option="board.clock.pclkd.div.2"/>
    <node id="board.clock.bclk.div" option="board.clock.bclk.div.2"/>
    <node id="board.clock.bclkout.div" option="board.clock.bclkout.div.2"/>
    <node id="board.clock.fclk.div" option="board.clock.fclk.div.4"/>
    <node id="board.clock.clkout.div" option="board.clock.clkout.div.1"/>
    <node id="board.clock.uclk.div" option="board.clock.uclk.div.5"/>
    <node id="board.clock.octaspiclk.div" option="board.clock.octaspiclk.div.1"/>
    <node id="board.clock.iclk.display" option="board.clock.iclk.display.value"/>
    <node id="board.clock.pclka.display" option="board.clock.pclka.display.value"/>
    <node id="board.clock.pclkb.display" option="board.clock.pclkb.display.value"/>
    <node id="board.clock.pclkc.display" option="board.clock.pclkc.display.value"/>
    <node id="board.clock.pclkd.display" option="board.clock.pclkd.display.value"/>
    <node id="board.clock.bclk.display" option="board.clock.bclk.display.value"/>
    <node id="board.clock.bclkout.display" option="board.clock.bclkout.display.value"/>
    <node id="board.clock.fclk.display" option="board.clock.fclk.display.value"/>
    <node id="board.clock.clkout.display" option="board.clock.clkout.display.value"/>
    <node id="board.clock.uclk.display" option="board.clock.uclk.display.value"/>
    <node id="board.clock.octaspiclk.display" option="board.clock.octaspiclk.display.value"/>
  </raClockConfiguration>
  <raComponentSelection>
    <component apiversion="" class="Common" condition="" group="all" subgroup="fsp_common" variant="" vendor="Renesas" version="3.5.0">
      <description>Board Support Package Common Files</description>
      <originalPack>Renesas.RA.3.5.0.pack</originalPack>
    </component>
    <component apiversion="" class="HAL Drivers" condition="" group="all" subgroup="r_ioport" variant="" vendor="Renesas" version="3.5.0">
      <description>I/O Port</description>
      <originalPack>Renesas.RA.3.5.0.pack</originalPack>
    </component>
    <component apiversion="" class="CMSIS" condition="" group="CMSIS5" subgroup="CoreM" variant="" vendor="Arm" version="5.8.0+renesas.0.fsp.3.5.0">
      <description>Arm CMSIS Version 5 - Core (M)</description>
      <originalPack>Arm.CMSIS5.5.8.0+renesas.0.fsp.3.5.0.pack</originalPack>
    </component>
    <component apiversion="" class="BSP" condition="" group="Board" subgroup="ra6m4_cpk" variant="" vendor="Renesas" version="3.5.0">
      <description>RA6M4-CPK Board Support Files</description>
      <originalPack>Renesas.RA_board_ra6m4_cpk.3.5.0.pack</originalPack>
    </component>
    <component apiversion="" class="BSP" condition="" group="ra6m4" subgroup="device" variant="R7FA6M4AF3CFB" vendor="Renesas" version="3.5.0">
      <description>Board support package for R7FA6M4AF3CFB</description>
      <originalPack>Renesas.RA_mcu_ra6m4.3.5.0.pack</originalPack>
    </component>
    <component apiversion="" class="BSP" condition="" group="ra6m4" subgroup="device" variant="" vendor="Renesas" version="3.5.0">
      <description>Board support package for RA6M4</description>
      <originalPack>Renesas.RA_mcu_ra6m4.3.5.0.pack</originalPack>
    </component>
    <component apiversion="" class="BSP" condition="" group="ra6m4" subgroup="fsp" variant="" vendor="Renesas" version="3.5.0">
      <description>Board support package for RA6M4 - FSP Data</description>
      <originalPack>Renesas.RA_mcu_ra6m4.3.5.0.pack</originalPack>
    </component>
    <component apiversion="" class="HAL Drivers" condition="" group="all" subgroup="r_sci_uart" variant="" vendor="Renesas" version="3.5.0">
      <description>SCI UART</description>
      <originalPack>Renesas.RA.3.5.0.pack</originalPack>
    </component>
    <component apiversion="" class="HAL Drivers" condition="" group="all" subgroup="r_dtc" variant="" vendor="Renesas" version="3.5.0">
      <description>Data Transfer Controller</description>
      <originalPack>Renesas.RA.3.5.0.pack</originalPack>
    </component>
    <component apiversion="" class="HAL Drivers" condition="" group="all" subgroup="r_elc" variant="" vendor="Renesas" version="3.5.0">
      <description>Event Link Controller</description>
      <originalPack>Renesas.RA.3.5.0.pack</originalPack>
    </component>
    <component apiversion="" class="HAL Drivers" condition="" group="all" subgroup="r_gpt" variant="" vendor="Renesas" version="3.5.0">
      <description>General PWM Timer</description>
      <originalPack>Renesas.RA.3.5.0.pack</originalPack>
    </component>
    <component apiversion="" class="HAL Drivers" condition="" group="all" subgroup="r_adc" variant="" vendor="Renesas" version="3.5.0">
      <description>A/D Converter</description>
      <originalPack>Renesas.RA.3.5.0.pack</originalPack>
    </component>
  </raComponentSelection>
  <raElcConfiguration/>
  <raIcuConfiguration/>
  <raModuleConfiguration>
    <module id="module.driver.ioport_on_ioport.0">
      <property id="module.driver.ioport.name" value="g_ioport"/>
      <property id="module.driver.ioport.elc_trigger_ioport1" value="_disabled"/>
      <property id="module.driver.ioport.elc_trigger_ioport2" value="_disabled"/>
      <property id="module.driver.ioport.elc_trigger_ioport3" value="_disabled"/>
      <property id="module.driver.ioport.elc_trigger_ioport4" value="_disabled"/>
      <property id="module.driver.ioport.elc_trigger_ioportb" value="_disabled"/>
      <property id="module.driver.ioport.elc_trigger_ioportc" value="_disabled"/>
      <property id="module.driver.ioport.elc_trigger_ioportd" value="_disabled"/>
      <property id="module.driver.ioport.elc_trigger_ioporte" value="_disabled"/>
      <property id="module.driver.ioport.pincfg" value="g_bsp_pin_cfg"/>
    </module>
    <module id="module.driver.uart_on_sci_uart.201575186">
      <property id="module.driver.uart.name" value="g_uart7"/>
      <property id="module.driver.uart.channel" value="7"/>
      <property id="module.driver.uart.data_bits" value="module.driver.uart.data_bits.data_bits_8"/>
      <property id="module.driver.uart.parity" value="module.driver.uart.parity.parity_off"/>
      <property id="module.driver.uart.stop_bits" value="module.driver.uart.stop_bits.stop_bits_1"/>
      <property id="module.driver.uart.baud" value="115200"/>
      <property id="module.driver.uart.baudrate_modulation" value="module.driver.uart.baudrate_modulation.disabled"/>
      <property id="module.driver.uart.baudrate_max_err" value="5"/>
      <property id="module.driver.uart.flow_control" value="module.driver.uart.flow_control.rts"/>
      <property id="module.driver.uart.pin_control_port" value="module.driver.uart.pin_control_port.PORT_DISABLE"/>
      <property id="module.driver.uart.pin_control_pin" value="module.driver.uart.pin_control_pin.PIN_DISABLE"/>
      <property id="module.driver.uart.clk_src" value="module.driver.uart.clk_src.int_clk"/>
      <property id="module.driver.uart.rx_edge_start" value="module.driver.uart.rx_edge_start.falling_edge"/>
      <property id="module.driver.uart.noisecancel_en" value="module.driver.uart.noisecancel_en.disabled"/>
      <property id="module.driver.uart.rx_fifo_trigger" value="module.driver.uart.rx_fifo_trigger.max"/>
      <property id="module.driver.uart.callback" value="user_uart7_callback"/>
      <property id="module.driver.uart.rxi_ipl" value="board.icu.common.irq.priority12"/>
      <property id="module.driver.uart.txi_ipl" value="board.icu.common.irq.priority12"/>
      <property id="module.driver.uart.tei_ipl" value="board.icu.common.irq.priority12"/>
      <property id="module.driver.uart.eri_ipl" value="board.icu.common.irq.priority12"/>
    </module>
    <module id="module.driver.timer_on_gpt.1218053032">
      <property id="module.driver.timer.name" value="g_timer0"/>
      <property id="module.driver.timer.channel" value="0"/>
      <property id="module.driver.timer.mode" value="module.driver.timer.mode.mode_periodic"/>
      <property id="module.driver.timer.period" value="21"/>
      <property id="module.driver.timer.unit" value="module.driver.timer.unit.unit_period_usec"/>
      <property id="module.driver.timer.gtior.gtioa.initial_output_level" value="module.driver.timer.gtior.gtioa.initial_output_level.low"/>
      <property id="module.driver.timer.gtior.gtioa.cycle_end_output_level" value="module.driver.timer.gtior.gtioa.cycle_end_output_level.retain"/>
      <property id="module.driver.timer.gtior.gtioa.compare_match_output_level" value="module.driver.timer.gtior.gtioa.compare_match_output_level.retain"/>
      <property id="module.driver.timer.gtior.gtioa.count_stop_retain" value="module.driver.timer.gtior.gtioa.count_stop_retain.disabled"/>
      <property id="module.driver.timer.gtior.gtiob.initial_output_level" value="module.driver.timer.gtior.gtiob.initial_output_level.low"/>
      <property id="module.driver.timer.gtior.gtiob.cycle_end_output_level" value="module.driver.timer.gtior.gtiob.cycle_end_output_level.retain"/>
      <property id="module.driver.timer.gtior.gtiob.compare_match_output_level" value="module.driver.timer.gtior.gtiob.compare_match_output_level.retain"/>
      <property id="module.driver.timer.gtior.gtiob.count_stop_retain" value="module.driver.timer.gtior.gtiob.count_stop_retain.disabled"/>
      <property id="module.driver.timer.gtior.custom_waveform_enable" value="module.driver.timer.gtior.custom_waveform_enable.disabled"/>
      <property id="module.driver.timer.duty_cycle" value="0"/>
      <property id="module.driver.timer.gtioca_output_enabled" value="module.driver.timer.gtioca_output_enabled.false"/>
      <property id="module.driver.timer.gtioca_stop_level" value="module.driver.timer.gtioca_stop_level.pin_level_low"/>
      <property id="module.driver.timer.gtiocb_output_enabled" value="module.driver.timer.gtiocb_output_enabled.false"/>
      <property id="module.driver.timer.gtiocb_stop_level" value="module.driver.timer.gtiocb_stop_level.pin_level_low"/>
      <property id="module.driver.timer.count_up_source" value=""/>
      <property id="module.driver.timer.count_down_source" value=""/>
      <property id="module.driver.timer.start_source" value=""/>
      <property id="module.driver.timer.stop_source" value=""/>
      <property id="module.driver.timer.clear_source" value=""/>
      <property id="module.driver.timer.capture_a_source" value=""/>
      <property id="module.driver.timer.capture_b_source" value=""/>
      <property id="module.driver.timer.gtioca_filter" value="module.driver.timer.gtioc_filter.gtioc_filter_none"/>
      <property id="module.driver.timer.gtiocb_filter" value="module.driver.timer.gtioc_filter.gtioc_filter_none"/>
      <property id="module.driver.timer.p_callback" value="g_gpt0_callback"/>
      <property id="module.driver.timer.ipl" value="board.icu.common.irq.priority1"/>
      <property id="module.driver.timer.capture_a_ipl" value="_disabled"/>
      <property id="module.driver.timer.capture_b_ipl" value="_disabled"/>
      <property id="module.driver.timer.trough_ipl" value="_disabled"/>
      <property id="module.driver.timer.extra" value="module.driver.timer.extra.disabled"/>
      <property id="module.driver.timer.poeg_link" value="module.driver.timer.poeg_link.poeg_link_poeg0"/>
      <property id="module.driver.timer.output_disable" value=""/>
      <property id="module.driver.timer.adc_trigger" value=""/>
      <property id="module.driver.timer.dead_time_count_up" value="0"/>
      <property id="module.driver.timer.dead_time_count_down" value="0"/>
      <property id="module.driver.timer.adc_a_compare_match" value="0"/>
      <property id="module.driver.timer.adc_b_compare_match" value="0"/>
      <property id="module.driver.timer.interrupt_skip.source" value="module.driver.timer.interrupt_skip.source.none"/>
      <property id="module.driver.timer.interrupt_skip.count" value="module.driver.timer.interrupt_skip.count.count_0"/>
      <property id="module.driver.timer.interrupt_skip.adc" value="module.driver.timer.interrupt_skip.adc.none"/>
      <property id="module.driver.timer.gtioca_disable_setting" value="module.driver.timer.gtioca_disable_setting.gtioc_disable_prohibited"/>
      <property id="module.driver.timer.gtiocb_disable_setting" value="module.driver.timer.gtiocb_disable_setting.gtioc_disable_prohibited"/>
    </module>
    <module id="module.driver.elc_on_elc.1483105683">
      <property id="module.driver.elc.name" value="g_elc"/>
    </module>
    <module id="module.driver.adc_on_adc.1097820384">
      <property id="module.driver.adc.name" value="g_adc0"/>
      <property id="module.driver.adc.unit" value="0"/>
      <property id="module.driver.adc.resolution" value="module.driver.adc.resolution.resolution_12_bit"/>
      <property id="module.driver.adc.alignment" value="module.driver.adc.alignment.alignment_right"/>
      <property id="module.driver.adc.clearing" value="module.driver.adc.clearing.clear_after_read_on"/>
      <property id="module.driver.adc.mode" value="module.driver.adc.mode.mode_single_scan"/>
      <property id="module.driver.adc.mode.dt" value="module.driver.adc.mode.dt.disabled"/>
      <property id="module.driver.adc.scan_mask" value="module.driver.adc.scan_mask.channel_0"/>
      <property id="module.driver.adc.scan_mask_group_b" value=""/>
      <property id="module.driver.adc.trigger" value="_signal.event.gpt0.counter.overflow"/>
      <property id="module.driver.adc.trigger_group_b" value="_disabled"/>
      <property id="module.driver.adc.priority_group_a" value="module.driver.adc.priority_group_a.group_a_priority_off"/>
      <property id="module.driver.adc.add_average_count" value="module.driver.adc.add_average_count.add_off"/>
      <property id="module.driver.adc.adc_vref_control" value="module.driver.adc.adc_vref_control.vrefh"/>
      <property id="module.driver.adc.add_mask" value=""/>
      <property id="module.driver.adc.sample_hold_mask" value=""/>
      <property id="module.driver.adc.sample_hold_states" value="24"/>
      <property id="module.driver.adc.compare.window_mode" value="module.driver.adc.compare.window_mode.disabled"/>
      <property id="module.driver.adc.compare.event_mode" value="module.driver.adc.compare.event_mode.or"/>
      <property id="module.driver.adc.compare.window_a.enable" value="module.driver.adc.compare.window_a.enable.disabled"/>
      <property id="module.driver.adc.compare.window_a.channels" value=""/>
      <property id="module.driver.adc.compare.window_a.channel_mode" value=""/>
      <property id="module.driver.adc.compare.window_a.ref_lower" value="0"/>
      <property id="module.driver.adc.compare.window_a.ref_upper" value="0"/>
      <property id="module.driver.adc.compare.window_b.enable" value="module.driver.adc.compare.window_b.enable.disabled"/>
      <property id="module.driver.adc.compare.window_b.channel" value="module.driver.adc.compare.window_b.channel.channel_0"/>
      <property id="module.driver.adc.compare.window_b.mode" value="module.driver.adc.compare.window_b.mode"/>
      <property id="module.driver.adc.compare.window_b.ref_lower" value="0"/>
      <property id="module.driver.adc.compare.window_b.ref_upper" value="0"/>
      <property id="module.driver.adc.p_callback" value="g_adc0_callback"/>
      <property id="module.driver.adc.scan_end_ipl" value="board.icu.common.irq.priority2"/>
      <property id="module.driver.adc.scan_end_b_ipl" value="_disabled"/>
      <property id="module.driver.adc.window_a_ipl" value="_disabled"/>
      <property id="module.driver.adc.window_b_ipl" value="_disabled"/>
      <property id="module.driver.adc.adbuf" value="module.driver.adc.adbuf.disabled"/>
    </module>
    <module id="module.driver.transfer_on_dtc.711396389">
      <property id="module.driver.transfer.name" value="g_transfer_adc0_group_a"/>
      <property id="module.driver.transfer.mode" value="module.driver.transfer.mode.mode_repeat"/>
      <property id="module.driver.transfer.size" value="module.driver.transfer.size.size_2_byte"/>
      <property id="module.driver.transfer.dest_addr_mode" value="module.driver.transfer.dest_addr_mode.addr_mode_incremented"/>
      <property id="module.driver.transfer.src_addr_mode" value="module.driver.transfer.src_addr_mode.addr_mode_fixed"/>
      <property id="module.driver.transfer.repeat_area" value="module.driver.transfer.repeat_area.repeat_area_destination"/>
      <property id="module.driver.transfer.p_dest" value="NULL"/>
      <property id="module.driver.transfer.p_src" value="NULL"/>
      <property id="module.driver.transfer.interrupt" value="module.driver.transfer.interrupt.interrupt_end"/>
      <property id="module.driver.transfer.length" value="128"/>
      <property id="module.driver.transfer.num_blocks" value="0"/>
      <property id="module.driver.transfer.activation_source" value="_interrupt.event.adc0.scan.end"/>
    </module>
    <context id="_hal.0">
      <stack module="module.driver.ioport_on_ioport.0"/>
      <stack module="module.driver.uart_on_sci_uart.201575186"/>
      <stack module="module.driver.timer_on_gpt.1218053032"/>
      <stack module="module.driver.elc_on_elc.1483105683"/>
      <stack module="module.driver.adc_on_adc.1097820384"/>
      <stack module="module.driver.transfer_on_dtc.711396389"/>
    </context>
    <config id="config.driver.ioport">
      <property id="config.driver.ioport.checking" value="config.driver.ioport.checking.system"/>
    </config>
    <config id="config.driver.adc">
      <property id="config.driver.adc.param_checking_enable" value="config.driver.adc.param_checking_enable.enabled"/>
    </config>
    <config id="config.driver.elc">
      <property id="config.driver.elc.checking" value="config.driver.elc.checking.enabled"/>
    </config>
    <config id="config.driver.dtc">
      <property id="config.driver.dtc.param_checking_enable" value="config.driver.dtc.param_checking_enable.enabled"/>
      <property id="config.driver.dtc.vector_table" value=".fsp_dtc_vector_table"/>
    </config>
    <config id="config.driver.sci_uart">
      <property id="config.driver.sci_uart.param_checking_enable" value="config.driver.sci_uart.param_checking_enable.bsp"/>
      <property id="config.driver.sci_uart.fifo_support" value="config.driver.sci_uart.fifo_support.disabled"/>
      <property id="config.driver.sci_uart.dtc_support" value="config.driver.sci_uart.dtc_support.disabled"/>
      <property id="config.driver.sci_uart.flow_control" value="config.driver.sci_uart.flow_control.disabled"/>
    </config>
    <config id="config.driver.gpt">
      <property id="config.driver.gpt.param_checking_enable" value="config.driver.gpt.param_checking_enable.enabled"/>
      <property id="config.driver.gpt.output_support_enable" value="config.driver.gpt.output_support_enable.enabled"/>
      <property id="config.driver.gpt.write_protect_enable" value="config.driver.gpt.write_protect_enable.disabled"/>
      <property id="config.driver.gpt.gpt_core_clock" value="module.driver.timer.gpt_core_clock.pclk"/>
    </config>
  </raModuleConfiguration>
  <raPinConfiguration>
    <symbolicName propertyId="p000.symbolic_name" value="ARDUINO_AN00"/>
    <symbolicName propertyId="p001.symbolic_name" value="ARDUINO_AN01"/>
    <symbolicName propertyId="p002.symbolic_name" value="ARDUINO_AN02"/>
    <symbolicName propertyId="p003.symbolic_name" value="ARDUINO_AN03"/>
    <symbolicName propertyId="p004.symbolic_name" value="ARDUINO_AN04"/>
    <symbolicName propertyId="p005.symbolic_name" value="ARDUINO_AN05"/>
    <symbolicName propertyId="p006.symbolic_name" value="PMODA_IRQ11"/>
    <symbolicName propertyId="p007.symbolic_name" value="J4_PIN23"/>
    <symbolicName propertyId="p008.symbolic_name" value="PMODA_IO1"/>
    <symbolicName propertyId="p009.symbolic_name" value="J4_PIN26"/>
    <symbolicName propertyId="p014.symbolic_name" value="PMODA_IO2"/>
    <symbolicName propertyId="p015.symbolic_name" value="PMODA_IO3"/>
    <symbolicName propertyId="p100.symbolic_name" value="J1_PIN1"/>
    <symbolicName propertyId="p101.symbolic_name" value="J2_PIN4"/>
    <symbolicName propertyId="p102.symbolic_name" value="J2_PIN6"/>
    <symbolicName propertyId="p103.symbolic_name" value="J1_PIN29"/>
    <symbolicName propertyId="p104.symbolic_name" value="J3_PIN39"/>
    <symbolicName propertyId="p105.symbolic_name" value="SW1"/>
    <symbolicName propertyId="p106.symbolic_name" value="LED3"/>
    <symbolicName propertyId="p107.symbolic_name" value="J3_PIN37"/>
    <symbolicName propertyId="p108.symbolic_name" value="DEBUG_SWDIO_TMS"/>
    <symbolicName propertyId="p109.symbolic_name" value="DEBUG_TDO"/>
    <symbolicName propertyId="p110.symbolic_name" value="DEBUG_TDI"/>
    <symbolicName propertyId="p111.symbolic_name" value="J1_PIN33"/>
    <symbolicName propertyId="p112.symbolic_name" value="J3_PIN15"/>
    <symbolicName propertyId="p113.symbolic_name" value="J3_PIN16"/>
    <symbolicName propertyId="p114.symbolic_name" value="J3_PIN17"/>
    <symbolicName propertyId="p115.symbolic_name" value="J3_PIN18"/>
    <symbolicName propertyId="p200.symbolic_name" value="NMI"/>
    <symbolicName propertyId="p201.symbolic_name" value="MD"/>
    <symbolicName propertyId="p202.symbolic_name" value="PMODA_MISO_RXD9"/>
    <symbolicName propertyId="p203.symbolic_name" value="PMODA_MOSI_TXD9"/>
    <symbolicName propertyId="p204.symbolic_name" value="PMODA_RSPCK"/>
    <symbolicName propertyId="p205.symbolic_name" value="PMODA_SSL_CTS9"/>
    <symbolicName propertyId="p206.symbolic_name" value="J1_PIN3"/>
    <symbolicName propertyId="p207.symbolic_name" value="J1_PIN8"/>
    <symbolicName propertyId="p208.symbolic_name" value="J1_PIN32"/>
    <symbolicName propertyId="p209.symbolic_name" value="J1_PIN30"/>
    <symbolicName propertyId="p210.symbolic_name" value="J1_PIN28"/>
    <symbolicName propertyId="p211.symbolic_name" value="J1_PIN22"/>
    <symbolicName propertyId="p212.symbolic_name" value="EXTAL"/>
    <symbolicName propertyId="p213.symbolic_name" value="XTAL"/>
    <symbolicName propertyId="p214.symbolic_name" value="J1_PIN20"/>
    <symbolicName propertyId="p300.symbolic_name" value="DEBUG_SWDCLK_TCK"/>
    <symbolicName propertyId="p301.symbolic_name" value="J1_PIN11"/>
    <symbolicName propertyId="p302.symbolic_name" value="J3_PIN14"/>
    <symbolicName propertyId="p303.symbolic_name" value="J3_PIN13"/>
    <symbolicName propertyId="p304.symbolic_name" value="J3_PIN12"/>
    <symbolicName propertyId="p305.symbolic_name" value="J3_PIN11"/>
    <symbolicName propertyId="p306.symbolic_name" value="J3_PIN10"/>
    <symbolicName propertyId="p307.symbolic_name" value="J3_PIN9"/>
    <symbolicName propertyId="p308.symbolic_name" value="J3_PIN8"/>
    <symbolicName propertyId="p309.symbolic_name" value="J3_PIN7"/>
    <symbolicName propertyId="p310.symbolic_name" value="J3_PIN6"/>
    <symbolicName propertyId="p311.symbolic_name" value="J3_PIN5"/>
    <symbolicName propertyId="p312.symbolic_name" value="J3_PIN4"/>
    <symbolicName propertyId="p313.symbolic_name" value="J1_PIN14"/>
    <symbolicName propertyId="p400.symbolic_name" value="J4_PIN13"/>
    <symbolicName propertyId="p401.symbolic_name" value="J4_PIN11"/>
    <symbolicName propertyId="p402.symbolic_name" value="J1_PIN27"/>
    <symbolicName propertyId="p403.symbolic_name" value="J4_PIN2"/>
    <symbolicName propertyId="p404.symbolic_name" value="J4_PIN4"/>
    <symbolicName propertyId="p405.symbolic_name" value="J4_PIN6"/>
    <symbolicName propertyId="p406.symbolic_name" value="J4_PIN8"/>
    <symbolicName propertyId="p407.symbolic_name" value="USB_VBUS_DETECT"/>
    <symbolicName propertyId="p408.symbolic_name" value="J2_PIN16"/>
    <symbolicName propertyId="p409.symbolic_name" value="J2_PIN18"/>
    <symbolicName propertyId="p410.symbolic_name" value="PMODB_MISO_RXD0"/>
    <symbolicName propertyId="p411.symbolic_name" value="PMODB_MOSI_TXD0"/>
    <symbolicName propertyId="p412.symbolic_name" value="PMODB_RSPCK"/>
    <symbolicName propertyId="p413.symbolic_name" value="PMODB_SSL_CTS0"/>
    <symbolicName propertyId="p414.symbolic_name" value="ARDUINO_RST"/>
    <symbolicName propertyId="p415.symbolic_name" value="PMODB_IO1"/>
    <symbolicName propertyId="p500.symbolic_name" value="USB_VBUS_EN"/>
    <symbolicName propertyId="p501.symbolic_name" value="USB_OC"/>
    <symbolicName propertyId="p502.symbolic_name" value="J4_PIN16"/>
    <symbolicName propertyId="p503.symbolic_name" value="PMODB_IO2"/>
    <symbolicName propertyId="p504.symbolic_name" value="PMODB_IO3"/>
    <symbolicName propertyId="p505.symbolic_name" value="DLS_IRQ14"/>
    <symbolicName propertyId="p506.symbolic_name" value="PMODB_IRQ15"/>
    <symbolicName propertyId="p507.symbolic_name" value="J4_PIN24"/>
    <symbolicName propertyId="p511.symbolic_name" value="DLS_SDA"/>
    <symbolicName propertyId="p512.symbolic_name" value="DLS_SCL"/>
    <symbolicName propertyId="p600.symbolic_name" value="J1_PIN23"/>
    <symbolicName propertyId="p601.symbolic_name" value="J1_PIN19"/>
    <symbolicName propertyId="p602.symbolic_name" value="J1_PIN21"/>
    <symbolicName propertyId="p603.symbolic_name" value="J1_PIN25"/>
    <symbolicName propertyId="p604.symbolic_name" value="J3_PIN36"/>
    <symbolicName propertyId="p605.symbolic_name" value="J3_PIN35"/>
    <symbolicName propertyId="p608.symbolic_name" value="J3_PIN19"/>
    <symbolicName propertyId="p609.symbolic_name" value="J3_PIN20"/>
    <symbolicName propertyId="p610.symbolic_name" value="J3_PIN21"/>
    <symbolicName propertyId="p611.symbolic_name" value="ARDUINO_GPIO_CLK"/>
    <symbolicName propertyId="p612.symbolic_name" value="J3_PIN23"/>
    <symbolicName propertyId="p613.symbolic_name" value="ARDUINO_TXD"/>
    <symbolicName propertyId="p614.symbolic_name" value="ARDUINO_RXD"/>
    <symbolicName propertyId="p700.symbolic_name" value="J4_PIN9"/>
    <symbolicName propertyId="p701.symbolic_name" value="J4_PIN7"/>
    <symbolicName propertyId="p702.symbolic_name" value="J4_PIN5"/>
    <symbolicName propertyId="p703.symbolic_name" value="J4_PIN3"/>
    <symbolicName propertyId="p704.symbolic_name" value="J4_PIN1"/>
    <symbolicName propertyId="p705.symbolic_name" value="J2_PIN39"/>
    <symbolicName propertyId="p708.symbolic_name" value="J2_PIN7"/>
    <symbolicName propertyId="p709.symbolic_name" value="J2_PIN11"/>
    <symbolicName propertyId="p710.symbolic_name" value="J2_PIN13"/>
    <symbolicName propertyId="p711.symbolic_name" value="J2_PIN15"/>
    <symbolicName propertyId="p712.symbolic_name" value="ARDUINO_GPIO_PWM"/>
    <symbolicName propertyId="p713.symbolic_name" value="ARDUINO_GPIO"/>
    <pincfg active="true" name="RA6M4 CPK" selected="true" symbol="g_bsp_pin_cfg">
      <configSetting altId="adc0.an00.p000" configurationId="adc0.an00"/>
      <configSetting altId="adc0.mode.custom" configurationId="adc0.mode"/>
      <configSetting altId="cgc0.extal.p212" configurationId="cgc0.extal"/>
      <configSetting altId="cgc0.mode.mainsub" configurationId="cgc0.mode"/>
      <configSetting altId="cgc0.xtal.p213" configurationId="cgc0.xtal"/>
      <configSetting altId="debug0.mode.jtag" configurationId="debug0.mode"/>
      <configSetting altId="debug0.tck.p300" configurationId="debug0.tck"/>
      <configSetting altId="debug0.tdi.p110" configurationId="debug0.tdi"/>
      <configSetting altId="debug0.tdo.p109" configurationId="debug0.tdo"/>
      <configSetting altId="debug0.tms.p108" configurationId="debug0.tms"/>
      <configSetting altId="gpt0.mode.gtiocaorgtiocb.free" configurationId="gpt0.mode"/>
      <configSetting altId="irq0.irq06.p409" configurationId="irq0.irq06"/>
      <configSetting altId="irq0.irq10.p005" configurationId="irq0.irq10"/>
      <configSetting altId="irq0.irq11.p006" configurationId="irq0.irq11"/>
      <configSetting altId="irq0.irq12.p502" configurationId="irq0.irq12"/>
      <configSetting altId="irq0.mode.enabled" configurationId="irq0.mode"/>
      <configSetting altId="p000.adc0.an00" configurationId="p000"/>
      <configSetting altId="p000.gpio_mode.gpio_mode_an" configurationId="p000.gpio_mode"/>
      <configSetting altId="p005.irq0.irq10" configurationId="p005"/>
      <configSetting altId="p005.gpio_irq.gpio_irq_enabled" configurationId="p005.gpio_irq"/>
      <configSetting altId="p005.gpio_mode.gpio_mode_irq" configurationId="p005.gpio_mode"/>
      <configSetting altId="p006.irq0.irq11" configurationId="p006"/>
      <configSetting altId="p006.gpio_irq.gpio_irq_enabled" configurationId="p006.gpio_irq"/>
      <configSetting altId="p006.gpio_mode.gpio_mode_irq" configurationId="p006.gpio_mode"/>
      <configSetting altId="p108.debug0.tms" configurationId="p108"/>
      <configSetting altId="p108.gpio_mode.gpio_mode_peripheral" configurationId="p108.gpio_mode"/>
      <configSetting altId="p109.debug0.tdo" configurationId="p109"/>
      <configSetting altId="p109.gpio_mode.gpio_mode_peripheral" configurationId="p109.gpio_mode"/>
      <configSetting altId="p110.debug0.tdi" configurationId="p110"/>
      <configSetting altId="p110.gpio_mode.gpio_mode_peripheral" configurationId="p110.gpio_mode"/>
      <configSetting altId="p202.spi0.miso" configurationId="p202"/>
      <configSetting altId="p202.gpio_mode.gpio_mode_peripheral" configurationId="p202.gpio_mode"/>
      <configSetting altId="p203.spi0.mosi" configurationId="p203"/>
      <configSetting altId="p203.gpio_mode.gpio_mode_peripheral" configurationId="p203.gpio_mode"/>
      <configSetting altId="p204.spi0.rspck" configurationId="p204"/>
      <configSetting altId="p204.gpio_mode.gpio_mode_peripheral" configurationId="p204.gpio_mode"/>
      <configSetting altId="p205.spi0.ssl0" configurationId="p205"/>
      <configSetting altId="p205.gpio_mode.gpio_mode_peripheral" configurationId="p205.gpio_mode"/>
      <configSetting altId="p212.cgc0.extal" configurationId="p212"/>
      <configSetting altId="p212.gpio_mode.gpio_mode_peripheral" configurationId="p212.gpio_mode"/>
      <configSetting altId="p213.cgc0.xtal" configurationId="p213"/>
      <configSetting altId="p213.gpio_mode.gpio_mode_peripheral" configurationId="p213.gpio_mode"/>
      <configSetting altId="p300.debug0.tck" configurationId="p300"/>
      <configSetting altId="p300.gpio_mode.gpio_mode_peripheral" configurationId="p300.gpio_mode"/>
      <configSetting altId="p409.irq0.irq06" configurationId="p409"/>
      <configSetting altId="p409.gpio_irq.gpio_irq_enabled" configurationId="p409.gpio_irq"/>
      <configSetting altId="p409.gpio_mode.gpio_mode_irq" configurationId="p409.gpio_mode"/>
      <configSetting altId="p410.spi1.miso" configurationId="p410"/>
      <configSetting altId="p410.gpio_mode.gpio_mode_peripheral" configurationId="p410.gpio_mode"/>
      <configSetting altId="p411.spi1.mosi" configurationId="p411"/>
      <configSetting altId="p411.gpio_mode.gpio_mode_peripheral" configurationId="p411.gpio_mode"/>
      <configSetting altId="p412.spi1.rspck" configurationId="p412"/>
      <configSetting altId="p412.gpio_mode.gpio_mode_peripheral" configurationId="p412.gpio_mode"/>
      <configSetting altId="p413.spi1.ssl0" configurationId="p413"/>
      <configSetting altId="p413.gpio_mode.gpio_mode_peripheral" configurationId="p413.gpio_mode"/>
      <configSetting altId="p414.output.low" configurationId="p414"/>
      <configSetting altId="p414.gpio_mode.gpio_mode_out.low" configurationId="p414.gpio_mode"/>
      <configSetting altId="p415.output.low" configurationId="p415"/>
      <configSetting altId="p415.gpio_mode.gpio_mode_out.low" configurationId="p415.gpio_mode"/>
      <configSetting altId="p502.irq0.irq12" configurationId="p502"/>
      <configSetting altId="p502.gpio_irq.gpio_irq_enabled" configurationId="p502.gpio_irq"/>
      <configSetting altId="p502.gpio_mode.gpio_mode_irq" configurationId="p502.gpio_mode"/>
      <configSetting altId="p503.output.low" configurationId="p503"/>
      <configSetting altId="p503.gpio_mode.gpio_mode_out.low" configurationId="p503.gpio_mode"/>
      <configSetting altId="p504.output.low" configurationId="p504"/>
      <configSetting altId="p504.gpio_mode.gpio_mode_out.low" configurationId="p504.gpio_mode"/>
      <configSetting altId="p611.output.low" configurationId="p611"/>
      <configSetting altId="p611.gpio_mode.gpio_mode_out.low" configurationId="p611.gpio_mode"/>
      <configSetting altId="p613.sci7.txd" configurationId="p613"/>
      <configSetting altId="p613.gpio_mode.gpio_mode_peripheral" configurationId="p613.gpio_mode"/>
      <configSetting altId="p614.sci7.rxd" configurationId="p614"/>
      <configSetting altId="p614.gpio_mode.gpio_mode_peripheral" configurationId="p614.gpio_mode"/>
      <configSetting altId="p712.output.low" configurationId="p712"/>
      <configSetting altId="p712.gpio_mode.gpio_mode_out.low" configurationId="p712.gpio_mode"/>
      <configSetting altId="p713.output.low" configurationId="p713"/>
      <configSetting altId="p713.gpio_mode.gpio_mode_out.low" configurationId="p713.gpio_mode"/>
      <configSetting altId="sci7.mode.asynchronous.c" configurationId="sci7.mode"/>
      <configSetting altId="sci7.pairing.c" configurationId="sci7.pairing"/>
      <configSetting altId="sci7.rxd.p614" configurationId="sci7.rxd"/>
      <configSetting altId="sci7.txd.p613" configurationId="sci7.txd"/>
      <configSetting altId="spi0.miso.p202" configurationId="spi0.miso"/>
      <configSetting altId="spi0.mode.enabled.free" configurationId="spi0.mode"/>
      <configSetting altId="spi0.mosi.p203" configurationId="spi0.mosi"/>
      <configSetting altId="spi0.pairing.free" configurationId="spi0.pairing"/>
      <configSetting altId="spi0.rspck.p204" configurationId="spi0.rspck"/>
      <configSetting altId="spi0.ssl0.p205" configurationId="spi0.ssl0"/>
      <configSetting altId="spi1.miso.p410" configurationId="spi1.miso"/>
      <configSetting altId="spi1.mode.enabled.b" configurationId="spi1.mode"/>
      <configSetting altId="spi1.mosi.p411" configurationId="spi1.mosi"/>
      <configSetting altId="spi1.pairing.b" configurationId="spi1.pairing"/>
      <configSetting altId="spi1.rspck.p412" configurationId="spi1.rspck"/>
      <configSetting altId="spi1.ssl0.p413" configurationId="spi1.ssl0"/>
      <configSetting altId="usbfs0.mode.custom" configurationId="usbfs0.mode"/>
    </pincfg>
    <pincfg active="false" name="R7FA6M4AF3CFB.pincfg" selected="false" symbol="">
      <configSetting altId="debug0.mode.jtag" configurationId="debug0.mode"/>
      <configSetting altId="debug0.tck.p300" configurationId="debug0.tck"/>
      <configSetting altId="debug0.tdi.p110" configurationId="debug0.tdi"/>
      <configSetting altId="debug0.tdo.p109" configurationId="debug0.tdo"/>
      <configSetting altId="debug0.tms.p108" configurationId="debug0.tms"/>
      <configSetting altId="p108.debug0.tms" configurationId="p108"/>
      <configSetting altId="p108.gpio_mode.gpio_mode_peripheral" configurationId="p108.gpio_mode"/>
      <configSetting altId="p109.debug0.tdo" configurationId="p109"/>
      <configSetting altId="p109.gpio_mode.gpio_mode_peripheral" configurationId="p109.gpio_mode"/>
      <configSetting altId="p110.debug0.tdi" configurationId="p110"/>
      <configSetting altId="p110.gpio_mode.gpio_mode_peripheral" configurationId="p110.gpio_mode"/>
      <configSetting altId="p300.debug0.tck" configurationId="p300"/>
      <configSetting altId="p300.gpio_mode.gpio_mode_peripheral" configurationId="p300.gpio_mode"/>
    </pincfg>
  </raPinConfiguration>
</raConfiguration>
